{"mean":{"confidence_interval":{"confidence_level":0.95,"lower_bound":-0.3718984305616167,"upper_bound":-0.325690262509406},"point_estimate":-0.34878253187624897,"standard_error":0.011827389382068893},"median":{"confidence_interval":{"confidence_level":0.95,"lower_bound":-0.3832598882952585,"upper_bound":-0.32389855500525144},"point_estimate":-0.3507939169404365,"standard_error":0.015392790891372254}}