{"mean":{"confidence_interval":{"confidence_level":0.95,"lower_bound":7388342.857142861,"upper_bound":7564427.957142856},"point_estimate":7469316.428571428,"standard_error":45580.87507257207},"median":{"confidence_interval":{"confidence_level":0.95,"lower_bound":7341142.857142857,"upper_bound":7365000.0},"point_estimate":7351942.857142857,"standard_error":5570.462052831472},"median_abs_dev":{"confidence_interval":{"confidence_level":0.95,"lower_bound":36514.31935174046,"upper_bound":64779.028849942544},"point_estimate":48671.63913590558,"standard_error":7131.177228848694},"slope":null,"std_dev":{"confidence_interval":{"confidence_level":0.95,"lower_bound":302160.4704975336,"upper_bound":586744.6019318836},"point_estimate":458656.01199393155,"standard_error":79040.06898728923}}