{"mean":{"confidence_interval":{"confidence_level":0.95,"lower_bound":6796589.96730769,"upper_bound":7220227.751923074},"point_estimate":7002019.076923076,"standard_error":107954.2634193957},"median":{"confidence_interval":{"confidence_level":0.95,"lower_bound":6572338.461538462,"upper_bound":7148350.0},"point_estimate":6891184.615384616,"standard_error":146989.45940473306},"median_abs_dev":{"confidence_interval":{"confidence_level":0.95,"lower_bound":791856.6459417336,"upper_bound":1223566.9490465738},"point_estimate":979662.1464536742,"standard_error":108709.62489472535},"slope":null,"std_dev":{"confidence_interval":{"confidence_level":0.95,"lower_bound":887113.5011984013,"upper_bound":1261631.4969613375},"point_estimate":1074709.8883373074,"standard_error":96063.84109965891}}