{"mean":{"confidence_interval":{"confidence_level":0.95,"lower_bound":-0.1709074602957952,"upper_bound":-0.13636215826411158},"point_estimate":-0.15369712398962565,"standard_error":0.008668060685638737},"median":{"confidence_interval":{"confidence_level":0.95,"lower_bound":-0.1785226959587225,"upper_bound":-0.13670692652397087},"point_estimate":-0.15786935737677832,"standard_error":0.010311402121168938}}