{"mean":{"confidence_interval":{"confidence_level":0.95,"lower_bound":-0.2517070026274101,"upper_bound":-0.2328859467252186},"point_estimate":-0.2421881325740196,"standard_error":0.00476539478764024},"median":{"confidence_interval":{"confidence_level":0.95,"lower_bound":-0.2590388091216772,"upper_bound":-0.2340574604329706},"point_estimate":-0.24858225055451366,"standard_error":0.006403701272555658}}