{"mean":{"confidence_interval":{"confidence_level":0.95,"lower_bound":-0.3265391149782989,"upper_bound":-0.3215255049785929},"point_estimate":-0.3240692754601431,"standard_error":0.0012781863169162386},"median":{"confidence_interval":{"confidence_level":0.95,"lower_bound":-0.32819617735157824,"upper_bound":-0.3203455383512632},"point_estimate":-0.32310987936293156,"standard_error":0.002051962157416329}}