{"mean":{"confidence_interval":{"confidence_level":0.95,"lower_bound":14493973.41875,"upper_bound":14995655.33125},"point_estimate":14741154.0,"standard_error":127984.22610357602},"median":{"confidence_interval":{"confidence_level":0.95,"lower_bound":14352512.5,"upper_bound":14927450.0},"point_estimate":14618812.5,"standard_error":144613.66670823656},"median_abs_dev":{"confidence_interval":{"confidence_level":0.95,"lower_bound":893933.6541295052,"upper_bound":1457451.3716250658},"point_estimate":1147384.11962986,"standard_error":138182.03030958632},"slope":null,"std_dev":{"confidence_interval":{"confidence_level":0.95,"lower_bound":1047818.3517018073,"upper_bound":1509854.584665942},"point_estimate":1281652.7094135017,"standard_error":118971.0473625238}}