{"mean":{"confidence_interval":{"confidence_level":0.95,"lower_bound":-0.1067503654960849,"upper_bound":-0.08501002960947651},"point_estimate":-0.09686523965109595,"standard_error":0.005474586246399789},"median":{"confidence_interval":{"confidence_level":0.95,"lower_bound":-0.11343238233193799,"upper_bound":-0.10430448701852413},"point_estimate":-0.10925597614371507,"standard_error":0.002285000215379387}}