{"mean":{"confidence_interval":{"confidence_level":0.95,"lower_bound":-0.32208700979392,"upper_bound":-0.29009589583763223},"point_estimate":-0.3068129784040269,"standard_error":0.008245637181192384},"median":{"confidence_interval":{"confidence_level":0.95,"lower_bound":-0.33911322565627855,"upper_bound":-0.3239783481432974},"point_estimate":-0.33103204967338684,"standard_error":0.003758449576145192}}